{"loss": 0.034840592411581925, "Avg. balanced accuracy d=0.1": 0.6059523809523808, "Avg. balanced accuracy d=0.25": 0.769047619047619, "Avg. balanced accuracy d=0.4": 0.8944444444444444, "Avg. balanced accuracy d=0.5": 0.8992063492063492, "Avg. balanced accuracy d=0.6": 0.8753968253968254, "Avg. precision d=0.1": 1.0, "Avg. precision d=0.25": 1.0, "Avg. precision d=0.4": 0.953061224489796, "Avg. precision d=0.5": 0.8816326530612246, "Avg. precision d=0.6": 0.8424036281179139, "Avg. recall d=0.1": 0.21190476190476196, "Avg. recall d=0.25": 0.5380952380952381, "Avg. recall d=0.4": 0.8579365079365081, "Avg. recall d=0.5": 0.953968253968254, "Avg. recall d=0.6": 0.9904761904761905, "Avg. avg_f1-score d=0.1": 0.4482539682539682, "Avg. avg_f1-score d=0.25": 0.7000180375180375, "Avg. avg_f1-score d=0.4": 0.8933244004672577, "Avg. avg_f1-score d=0.5": 0.9096715453858312, "Avg. avg_f1-score d=0.6": 0.9012574726860441, "One-shot score": 0.5, "_timestamp": 1654652806, "_runtime": 10541, "_step": 204, "Best result balanced accuracy for d=0.1": 0.6357142857142856, "Best result f-score for d=0.1": 0.5771428571428572, "Best result balanced accuracy for d=0.25": 0.8293083900226756, "Best result f-score for d=0.25": 0.7881370091896408, "Best result balanced accuracy for d=0.4": 0.9214285714285714, "Best result f-score for d=0.4": 0.9115577544148973, "Best result balanced accuracy for d=0.5": 0.9468253968253968, "Best result f-score for d=0.5": 0.9408884766027622, "Best result balanced accuracy for d=0.6": 0.930952380952381, "Best result f-score for d=0.6": 0.941036212464784, "Best distance threshold based on balanced acc 1-folds": 0.5, "Best distance threshold based on f1-score 1-folds": 0.6, "_wandb": {"runtime": 10541}}