{"Avg. AUC value per epoch for testing validation": 0.9424185392852333, "Avg. AUC value per epoch for training validation": 0.9565120757293434, "Avg. one-shot performance": 0.34210526315789475, "loss": 0.018977719615313207, "Best threshold running average for testing validation: ": 0.9891509134497422, "Best threshold running average for training validation": 0.9877733450607963, "Avg. loss testing validation": 0.06468647643865807, "Avg. loss training validation": 0.0659785113875517, "_timestamp": 1656230771, "_runtime": 11232, "_step": 149, "Total avg. auc testing validation of the fold": 0.915096172542499, "Total avg. auc training validation of the fold": 0.9228172436848441, "_wandb": {"runtime": 11232}}