{"loss": 0.042449182283845005, "Avg. balanced accuracy d=0.1": 0.6585319772819773, "Avg. balanced accuracy d=0.25": 0.7918312137352386, "Avg. balanced accuracy d=0.4": 0.8654660734575595, "Avg. balanced accuracy d=0.5": 0.8560959365138932, "Avg. balanced accuracy d=0.6": 0.8494873671602258, "Avg. precision d=0.1": 0.9682539682539681, "Avg. precision d=0.25": 0.9066137566137564, "Avg. precision d=0.4": 0.8851886939589412, "Avg. precision d=0.5": 0.8605314032945612, "Avg. precision d=0.6": 0.8354117363270681, "Avg. recall d=0.1": 0.3448417323417323, "Avg. recall d=0.25": 0.6858066769831476, "Avg. recall d=0.4": 0.8726045468692527, "Avg. recall d=0.5": 0.9015494581671053, "Avg. recall d=0.6": 0.915492813286931, "Avg. avg_f1-score d=0.1": 0.49531861053600185, "Avg. avg_f1-score d=0.25": 0.7667226957092281, "Avg. avg_f1-score d=0.4": 0.8720869032775579, "Avg. avg_f1-score d=0.5": 0.875640519810041, "Avg. avg_f1-score d=0.6": 0.8707899895698153, "Epoch one-shot accuracy = ": 0.30303030303030304, "_timestamp": 1655238337, "_runtime": 4365, "_step": 70, "_wandb": {"runtime": 4374}}