{"Avg. AUC value per epoch for testing validation": 0.9488686426637092, "Avg. AUC value per epoch for training validation": 0.9310058449408778, "Avg. one-shot performance": 0.25806451612903225, "loss": 0.05560976924224136, "Best threshold running average for testing validation: ": 0.891796859105428, "Best threshold running average for training validation": 0.880479472875595, "Avg. loss testing validation": 0.07156877979665316, "Avg. loss training validation": 0.0693095259679879, "_timestamp": 1656448202, "_runtime": 459, "_step": 5, "_wandb": {"runtime": 465}}