{"Avg. AUC value per epoch for testing validation": 0.8699178981937602, "Avg. AUC value per epoch for training validation": 0.8706997982860051, "Avg. one-shot performance": 0.23809523809523808, "loss": 0.051890018151656364, "Best threshold running average for testing validation: ": 0.9873232759622677, "Best threshold running average for training validation": 0.9892707382214928, "Avg. loss testing validation": 0.09455919938823784, "Avg. loss training validation": 0.09692487414350585, "_timestamp": 1658358793, "_runtime": 5680, "_step": 199, "Total avg. auc testing validation of the fold": 0.825028834776422, "Total avg. auc training validation of the fold": 0.8321615308537854, "_wandb": {"runtime": 5678}}