{"Avg. AUC value per epoch for testing validation": 0.7791514692870392, "Avg. AUC value per epoch for training validation": 0.73282114600789, "Avg. one-shot performance": 0.25806451612903225, "loss": 37.13981642984501, "Best threshold running average for testing validation: ": 0.9979653596878052, "Best threshold running average for training validation": 0.997663938999176, "Avg. loss testing validation": 6.910382755597432, "Avg. loss training validation": 13.613823284444056, "_timestamp": 1655929078, "_runtime": 78, "_step": 0}