{"Avg. AUC value per epoch for testing validation": 0.9695898576820955, "Avg. AUC value per epoch for training validation": 0.9343986752619531, "Avg. one-shot performance": 0.5151515151515151, "loss": 0.029451427881494557, "Best threshold running average for testing validation: ": 1.0008423917257605, "Best threshold running average for training validation": 0.999822996189846, "Avg. loss testing validation": 0.12957507232936943, "Avg. loss training validation": 0.18322436954630814, "_timestamp": 1656036149, "_runtime": 14904, "_step": 199, "Total avg. auc testing validation of the fold": NaN, "Total avg. auc training validation of the fold": 0.9105042050859595, "_wandb": {"runtime": 14905}}