{"Avg. AUC value per epoch for testing validation": 0.7814416629826112, "Avg. AUC value per epoch for training validation": 0.8145266265163132, "Avg. one-shot performance": 0.15, "loss": 0.07904932404571746, "Best threshold running average for testing validation: ": 0.9998151895588572, "Best threshold running average for training validation": 0.9997881271531639, "Avg. loss testing validation": 0.2701237586917558, "Avg. loss training validation": 0.41567869017120623, "_timestamp": 1658556270, "_runtime": 6351, "_step": 199, "Total avg. auc testing validation of the fold": 0.7172993527888886, "Total avg. auc training validation of the fold": 0.7426731754369398, "_wandb": {"runtime": 6348}}