{"Avg. AUC value per epoch for testing validation": 0.9097564803375804, "Avg. AUC value per epoch for training validation": 0.8888042617048704, "Avg. one-shot performance": 0.1935483870967742, "loss": 0.07434439123838693, "Best threshold running average for testing validation: ": 0.894835642973582, "Best threshold running average for training validation": 0.8751186768213909, "Avg. loss testing validation": 0.08040032616365168, "Avg. loss training validation": 0.08700386204044504, "_timestamp": 1656448488, "_runtime": 231, "_step": 2, "_wandb": {"runtime": 285}}