{"Avg. AUC value per epoch for testing validation": 0.7532693360279566, "Avg. AUC value per epoch for training validation": 0.7903619201259855, "Avg. one-shot performance": 0.15789473684210525, "loss": 0.08283433794201008, "Best threshold running average for testing validation: ": 0.9865750893950461, "Best threshold running average for training validation": 0.987894189854463, "Avg. loss testing validation": 0.124359476531481, "Avg. loss training validation": 0.1360004583442009, "_timestamp": 1658245436, "_runtime": 864, "_step": 23}