{"Avg. AUC value per epoch testing validation": 0.8058959190963835, "Avg. one-shot performance": 0.18181818181818182, "_timestamp": 1655487494, "_runtime": 80, "_step": 0, "_wandb": {"runtime": 81}}