{"Avg. AUC value per epoch for testing validation": 0.9555919342988307, "Avg. AUC value per epoch for training validation": 0.9636472958312929, "Avg. one-shot performance": 0.375, "loss": 0.029415465344576577, "Best threshold running average for testing validation: ": 0.9998468919615051, "Best threshold running average for training validation": 0.999820735825965, "Avg. loss testing validation": 0.13216664468701314, "Avg. loss training validation": 0.18590408630742755, "_timestamp": 1656084659, "_runtime": 14802, "_step": 199, "Total avg. auc testing validation of the fold": 0.9215134594735694, "Total avg. auc training validation of the fold": 0.9153207845735531, "_wandb": {"runtime": 14803}}