{"Avg. AUC value per epoch for testing validation": 0.935309482806702, "Avg. AUC value per epoch for training validation": 0.9306907627041108, "Avg. one-shot performance": 0.42424242424242425, "loss": 0.01836865371613145, "Best threshold running average for testing validation: ": 0.9898262948797855, "Best threshold running average for training validation": 0.985483603109449, "Avg. loss testing validation": 0.06417774493002819, "Avg. loss training validation": 0.0714437511573648, "_timestamp": 1656241969, "_runtime": 11192, "_step": 149, "Total avg. auc testing validation of the fold": NaN, "Total avg. auc training validation of the fold": 0.9176677147481517, "_wandb": {"runtime": 11193}}