{"Avg. AUC value per epoch for testing validation": 0.9519524121477246, "Avg. AUC value per epoch for training validation": 0.9593815746617105, "Avg. one-shot performance": 0.3225806451612903, "loss": 0.014598222515987415, "Best threshold running average for testing validation: ": 0.989048186804624, "Best threshold running average for training validation": 0.9884375844225789, "Avg. loss testing validation": 0.06749780535316255, "Avg. loss training validation": 0.06929133115426397, "_timestamp": 1656195847, "_runtime": 11278, "_step": 149, "Total avg. auc testing validation of the fold": 0.9027877713580867, "Total avg. auc training validation of the fold": 0.9190017489124637, "_wandb": {"runtime": 11279}}