{"Avg. AUC value per epoch for testing validation": 0.8871508551741109, "Avg. AUC value per epoch for training validation": 0.8496673511242651, "Avg. one-shot performance": 0.2631578947368421, "loss": 0.04865890787794769, "Best threshold running average for testing validation: ": 0.9897632131624465, "Best threshold running average for training validation": 0.9891763174753496, "Avg. loss testing validation": 0.09215217152070929, "Avg. loss training validation": 0.09636516479932372, "_timestamp": 1658341782, "_runtime": 5802, "_step": 199, "Total avg. auc testing validation of the fold": 0.8180995468231839, "Total avg. auc training validation of the fold": 0.8289647194053046, "_wandb": {"runtime": 5800}}