{"Avg. AUC value per epoch for testing validation": 0.8580623368466506, "Avg. AUC value per epoch for training validation": 0.906478007381503, "Avg. one-shot performance": 0.35294117647058826, "loss": 0.04317154910486754, "Best threshold running average for testing validation: ": 0.9885036723697604, "Best threshold running average for training validation": 0.9866705442992486, "Avg. loss testing validation": 0.11130751447961773, "Avg. loss training validation": 0.10133255266920534, "_timestamp": 1658347468, "_runtime": 5681, "_step": 199, "Total avg. auc testing validation of the fold": 0.7930333424267555, "Total avg. auc training validation of the fold": 0.8259154950960323, "_wandb": {"runtime": 5678}}