{"Avg. AUC value per epoch for testing validation": 0.8609967503882553, "Avg. AUC value per epoch for training validation": 0.8077348477739102, "Avg. one-shot performance": 0.25, "loss": 0.07841452036763018, "Best threshold running average for testing validation: ": 0.9997934114992914, "Best threshold running average for training validation": 0.9997847232986335, "Avg. loss testing validation": 0.26425430284495766, "Avg. loss training validation": 0.4301108654541252, "_timestamp": 1658524398, "_runtime": 6370, "_step": 199, "Total avg. auc testing validation of the fold": 0.7813769261468566, "Total avg. auc training validation of the fold": 0.7210803047591109, "_wandb": {"runtime": 6367}}