{"Avg. AUC value per epoch for testing validation": 0.8764279067013443, "Avg. AUC value per epoch for training validation": 0.8527634528899551, "Avg. one-shot performance": 0.19047619047619047, "loss": 0.05476530318969055, "Best threshold running average for testing validation: ": 0.9998599496197123, "Best threshold running average for training validation": 0.9998420758268706, "Avg. loss testing validation": 0.11993635011713963, "Avg. loss training validation": 0.1694593143650615, "_timestamp": 1657420989, "_runtime": 4895, "_step": 149, "Total avg. auc testing validation of the fold": 0.8219130439555248, "Total avg. auc training validation of the fold": 0.799946401776582, "_wandb": {"runtime": 4892}}