{"loss": 0.15308967533483217, "Avg. balanced accuracy d=0.1": 0.6833621415277763, "Avg. balanced accuracy d=0.25": 0.6936238125479611, "Avg. balanced accuracy d=0.4": 0.6382154678110561, "Avg. balanced accuracy d=0.5": 0.6095178242237066, "Avg. balanced accuracy d=0.6": 0.5605125062845651, "Avg. precision d=0.1": 0.7562169312169312, "Avg. precision d=0.25": 0.7117889420520999, "Avg. precision d=0.4": 0.6006030389363722, "Avg. precision d=0.5": 0.5815696649029982, "Avg. precision d=0.6": 0.5493055555555556, "Avg. recall d=0.1": 0.572599902534113, "Avg. recall d=0.25": 0.7558845029239767, "Avg. recall d=0.4": 0.9391203703703703, "Avg. recall d=0.5": 0.969212962962963, "Avg. recall d=0.6": 1.0, "Avg. avg_f1-score d=0.1": 0.6468954248366013, "Avg. avg_f1-score d=0.25": 0.7225408374015184, "Avg. avg_f1-score d=0.4": 0.731559655340143, "Avg. avg_f1-score d=0.5": 0.7253695565753199, "Avg. avg_f1-score d=0.6": 0.7075336412702607, "One-shot performance": 0.041666666666666664, "_timestamp": 1654803169, "_runtime": 168, "_step": 2, "_wandb": {"runtime": 173}}