{"loss": 0.04098847520072013, "Avg. balanced accuracy d=0.1": 0.6007002801120448, "Avg. balanced accuracy d=0.25": 0.7017156862745101, "Avg. balanced accuracy d=0.4": 0.7633753501400561, "Avg. balanced accuracy d=0.5": 0.7811624649859943, "Avg. balanced accuracy d=0.6": 0.7963585434173669, "Avg. precision d=0.1": 0.9736842105263158, "Avg. precision d=0.25": 0.9107142857142857, "Avg. precision d=0.4": 0.7757142857142858, "Avg. precision d=0.5": 0.7433333333333334, "Avg. precision d=0.6": 0.7042857142857143, "Avg. recall d=0.1": 0.21120448179271706, "Avg. recall d=0.25": 0.45098039215686275, "Avg. recall d=0.4": 0.6601540616246498, "Avg. recall d=0.5": 0.7499299719887957, "Avg. recall d=0.6": 0.8299019607843138, "Avg. avg_f1-score d=0.1": 0.5241019214703426, "Avg. avg_f1-score d=0.25": 0.6862456473567584, "Avg. avg_f1-score d=0.4": 0.734311521811522, "Avg. avg_f1-score d=0.5": 0.7475505975505978, "Avg. avg_f1-score d=0.6": 0.7478864272981921, "One-shot score": 0.21212121212121213, "_timestamp": 1655463957, "_runtime": 6711, "_step": 154, "Best result balanced accuracy for d=0.1": 0.7344897959183673, "Best result f-score for d=0.1": 0.6783877738423195, "Best result balanced accuracy for d=0.25": 0.7890816326530613, "Best result f-score for d=0.25": 0.7771139971139972, "Best result balanced accuracy for d=0.4": 0.8361224489795921, "Best result f-score for d=0.4": 0.829767058338487, "Best result balanced accuracy for d=0.5": 0.8344887955182072, "Best result f-score for d=0.5": 0.8435126777983922, "Best result balanced accuracy for d=0.6": 0.8585084033613445, "Best result f-score for d=0.6": 0.8624394652966084, "Best distance threshold based on balanced acc 1-folds": 0.6, "Best distance threshold based on f1-score 1-folds": 0.6, "_wandb": {"runtime": 6712}}