{"Avg. AUC value per epoch for testing validation": 0.844620313590902, "Avg. one-shot performance": 0.21212121212121213, "loss": 0.0754919124366508, "_timestamp": 1655490182, "_runtime": 575, "_step": 8, "_wandb": {"runtime": 597}}