{"Avg. AUC value per epoch for testing validation": 0.7355428545423475, "Avg. AUC value per epoch for training validation": 0.7975274836398307, "Avg. one-shot performance": 0.12903225806451613, "loss": 42.04006240454043, "Best threshold running average for testing validation: ": 0.9980173110961914, "Best threshold running average for training validation": 0.9975183725357055, "Avg. loss testing validation": 8.636442686617375, "Avg. loss training validation": 12.810999376640506, "_timestamp": 1655928902, "_runtime": 78, "_step": 0}