{"Avg. AUC value per epoch for testing validation": 0.7861487183664603, "Avg. AUC value per epoch for training validation": 0.8381450850491099, "Avg. one-shot performance": 0.3, "loss": 0.037801705613268136, "Best threshold running average for testing validation: ": 0.991358352987558, "Best threshold running average for training validation": 0.9916724369296559, "Avg. loss testing validation": 0.09647990472197286, "Avg. loss training validation": 0.10879857575826235, "_timestamp": 1657545379, "_runtime": 4822, "_step": 149, "Total avg. auc testing validation of the fold": 0.8019130517678434, "Total avg. auc training validation of the fold": 0.8161751780042913, "_wandb": {"runtime": 4819}}