{"Avg. AUC value per epoch for testing validation": 0.8939326374108983, "Avg. AUC value per epoch for training validation": 0.8762901949834799, "Avg. one-shot performance": 0.3333333333333333, "loss": 0.04654802055785729, "Best threshold running average for testing validation: ": 0.9893664671747726, "Best threshold running average for training validation": 0.9882067800366898, "Avg. loss testing validation": 0.0728010500445602, "Avg. loss training validation": 0.10138304413178499, "_timestamp": 1658375602, "_runtime": 5589, "_step": 199, "Total avg. auc testing validation of the fold": 0.8698517104794806, "Total avg. auc training validation of the fold": 0.8238098435314042, "_wandb": {"runtime": 5587}}