{"loss": 0.07388766274116622, "Avg. balanced accuracy d=0.1": 0.5944444444444444, "Avg. balanced accuracy d=0.25": 0.7206349206349206, "Avg. balanced accuracy d=0.4": 0.8603174603174605, "Avg. balanced accuracy d=0.5": 0.8503968253968255, "Avg. balanced accuracy d=0.6": 0.8500000000000001, "Avg. precision d=0.1": 1.0, "Avg. precision d=0.25": 1.0, "Avg. precision d=0.4": 0.9111111111111111, "Avg. precision d=0.5": 0.8633786848072562, "Avg. precision d=0.6": 0.8205215419501134, "Avg. recall d=0.1": 0.18888888888888888, "Avg. recall d=0.25": 0.4412698412698413, "Avg. recall d=0.4": 0.7865079365079365, "Avg. recall d=0.5": 0.8452380952380952, "Avg. recall d=0.6": 0.9246031746031746, "Avg. avg_f1-score d=0.1": 0.4282312925170068, "Avg. avg_f1-score d=0.25": 0.5887755102040816, "Avg. avg_f1-score d=0.4": 0.8319487390915964, "Avg. avg_f1-score d=0.5": 0.8457867529296101, "Avg. avg_f1-score d=0.6": 0.8518714090142662, "_timestamp": 1654199169, "_runtime": 16190, "_step": 352, "Best result balanced accuracy for d=0.1": 0.6466553287981858, "Best result f-score for d=0.1": 0.5630952380952381, "Best result balanced accuracy for d=0.25": 0.779345238095238, "Best result f-score for d=0.25": 0.7327795661128995, "Best result balanced accuracy for d=0.4": 0.9206349206349207, "Best result f-score for d=0.4": 0.9187103901389617, "Best result balanced accuracy for d=0.5": 0.9013038548752835, "Best result f-score for d=0.5": 0.9150209578781008, "Best result balanced accuracy for d=0.6": 0.8876984126984129, "Best result f-score for d=0.6": 0.9164570878856595, "Best distance threshold based on balanced acc 8-folds": 0.4, "Best distance threshold based on f1-score 8-folds": 0.5, "_wandb": {"runtime": 16192}}