{"Avg. AUC value per epoch for testing validation": 0.8314937699217618, "Avg. AUC value per epoch for training validation": 0.8923915053158048, "Avg. one-shot performance": 0.15789473684210525, "loss": 0.05541589051459818, "Best threshold running average for testing validation: ": 0.9998659886236426, "Best threshold running average for training validation": 0.9998349587389287, "Avg. loss testing validation": 0.1162839962678643, "Avg. loss training validation": 0.16125593785206974, "_timestamp": 1657475253, "_runtime": 4886, "_step": 149, "Total avg. auc testing validation of the fold": 0.8076189996998024, "Total avg. auc training validation of the fold": 0.8089329638092289, "_wandb": {"runtime": 4884}}