{"Avg. AUC value per epoch for testing validation": 0.8198645369015739, "Avg. AUC value per epoch for training validation": 0.8079640223411081, "Avg. one-shot performance": 0.29411764705882354, "loss": 0.058731824828550265, "Best threshold running average for testing validation: ": 0.9998498184302239, "Best threshold running average for training validation": 0.9998414272429953, "Avg. loss testing validation": 0.1621785315621838, "Avg. loss training validation": 0.12853433762501218, "_timestamp": 1657411202, "_runtime": 4872, "_step": 149, "Total avg. auc testing validation of the fold": 0.7848492818343917, "Total avg. auc training validation of the fold": 0.8146325878023508, "_wandb": {"runtime": 4871}}