{"Avg. AUC value per epoch for testing validation": 0.7217765497861839, "Avg. AUC value per epoch for training validation": 0.6842151435254884, "Avg. one-shot performance": 0.10526315789473684, "loss": 0.15056775468870315, "Best threshold running average for testing validation: ": 0.995597277368818, "Best threshold running average for training validation": 0.9949392875035603, "Avg. loss testing validation": 0.14712151351506203, "Avg. loss training validation": 0.15737856432499414, "_timestamp": 1658335808, "_runtime": 213, "_step": 6}