{"Avg. AUC value per epoch for testing validation": 0.8811818726746131, "Avg. AUC value per epoch for training validation": 0.8538808250572956, "Avg. one-shot performance": 0.2777777777777778, "loss": 0.048163710270626964, "Best threshold running average for testing validation: ": 0.9888225599149962, "Best threshold running average for training validation": 0.9874638037465923, "Avg. loss testing validation": 0.09210206769254041, "Avg. loss training validation": 0.09539911446386748, "_timestamp": 1658364388, "_runtime": 5589, "_step": 199, "Total avg. auc testing validation of the fold": 0.831082760469018, "Total avg. auc training validation of the fold": 0.8288865855843506, "_wandb": {"runtime": 5585}}