{"Avg. AUC value per epoch for testing validation": 0.9310937506183686, "Avg. AUC value per epoch for training validation": 0.9194401454980202, "Avg. one-shot performance": 0.12903225806451613, "loss": 0.06965909377018327, "Best threshold running average for testing validation: ": 0.9016189455986023, "Best threshold running average for training validation": 0.8852911472320557, "Avg. loss testing validation": 0.07024489741373852, "Avg. loss training validation": 0.06959708081793031, "_timestamp": 1656448773, "_runtime": 158, "_step": 1, "_wandb": {"runtime": 213}}