{"Avg. AUC value per epoch for testing validation": 0.7750571548969717, "Avg. AUC value per epoch for training validation": 0.8044462190407772, "Avg. one-shot performance": 0.23529411764705882, "loss": 0.045517543318035765, "Best threshold running average for testing validation: ": 0.9873512519285985, "Best threshold running average for training validation": 0.9866280166361424, "Avg. loss testing validation": 0.1359189835377528, "Avg. loss training validation": 0.11557496308688224, "_timestamp": 1657516287, "_runtime": 4795, "_step": 149, "Total avg. auc testing validation of the fold": 0.7675253513188012, "Total avg. auc training validation of the fold": 0.801663528526415, "_wandb": {"runtime": 4794}}