{"Avg. AUC value per epoch for testing validation": 0.8944018599815701, "Avg. AUC value per epoch for training validation": 0.8444082475623368, "Avg. one-shot performance": 0.3333333333333333, "loss": 0.05704367306032074, "Best threshold running average for testing validation: ": 0.9998579857333401, "Best threshold running average for training validation": 0.9998388638432394, "Avg. loss testing validation": 0.11697468678310141, "Avg. loss training validation": 0.1530245909632911, "_timestamp": 1657480150, "_runtime": 4892, "_step": 149, "Total avg. auc testing validation of the fold": 0.8507100905870447, "Total avg. auc training validation of the fold": 0.8149859185602102, "_wandb": {"runtime": 4890}}