{"Avg. AUC value per epoch for testing validation": NaN, "Avg. AUC value per epoch for training validation": 0.9248195673494862, "PLAIN TRAINING: AVG AUC": 0.9879869986995838, "Best threshold avg. plain_training": 1.0832109666199443, "Avg. one-shot performance": 0.59375, "loss": 0.030762114545151757, "Best threshold running average for testing validation: ": 1.0038774533487453, "Best threshold running average for training validation": 0.9998127083682536, "Avg. loss testing validation": 0.12052169081620191, "Avg. loss training validation": 0.19461049053810406, "_timestamp": 1656125453, "_runtime": 15047, "_step": 199, "Total avg. auc testing validation of the fold": NaN, "Total avg. auc training validation of the fold": 0.9115959792232279, "_wandb": {"runtime": 15049}}