{"Avg. AUC value per epoch for testing validation": 0.8684235806096338, "Avg. AUC value per epoch for training validation": 0.8683754851588391, "Avg. one-shot performance": 0.25, "loss": 0.04554361030030649, "Best threshold running average for testing validation: ": 0.9861209654129128, "Best threshold running average for training validation": 0.9878932667936711, "Avg. loss testing validation": 0.09694170900102124, "Avg. loss training validation": 0.0956146577782064, "_timestamp": 1658353108, "_runtime": 5635, "_step": 199, "Total avg. auc testing validation of the fold": 0.8343400273731308, "Total avg. auc training validation of the fold": 0.8299538079883528, "_wandb": {"runtime": 5633}}