{"loss": 0.2551836543785992, "_timestamp": 1653001613, "_runtime": 1379, "_step": 37, "accuracy": 0.19491525423728814, "_wandb": {"runtime": 1380}}