{"Avg. AUC value per epoch for testing validation": 0.8879029340924504, "Avg. one-shot performance": 0.12121212121212122, "loss": 0.07593201461755528, "_timestamp": 1655489515, "_runtime": 903, "_step": 13, "_wandb": {"runtime": 921}}