{"Avg. AUC value per epoch for testing validation": 0.8632503881317923, "Avg. AUC value per epoch for training validation": 0.9333489249468787, "Avg. one-shot performance": 0.41935483870967744, "loss": 0.04493140779677071, "Best threshold running average for testing validation: ": 0.8802912980318068, "Best threshold running average for training validation": 0.853240590542555, "Avg. loss testing validation": 0.06499302849412895, "Avg. loss training validation": 0.062345290803474396, "_timestamp": 1656295822, "_runtime": 1254, "_step": 15, "_wandb": {"runtime": 1292}}