{"loss": 0.02945466514932557, "Avg. balanced accuracy d=0.1": 0.5539215686274509, "Avg. balanced accuracy d=0.25": 0.6510504201680672, "Avg. balanced accuracy d=0.4": 0.8491246498599438, "Avg. balanced accuracy d=0.5": 0.8579481792717087, "Avg. balanced accuracy d=0.6": 0.8688725490196079, "Avg. precision d=0.1": 1.0, "Avg. precision d=0.25": 1.0, "Avg. precision d=0.4": 0.9409523809523811, "Avg. precision d=0.5": 0.8882993197278913, "Avg. precision d=0.6": 0.8678911564625852, "Avg. recall d=0.1": 0.10476190476190476, "Avg. recall d=0.25": 0.31251700680272115, "Avg. recall d=0.4": 0.7297278911564626, "Avg. recall d=0.5": 0.8130612244897961, "Avg. recall d=0.6": 0.8866666666666667, "Avg. avg_f1-score d=0.1": 0.4278388278388278, "Avg. avg_f1-score d=0.25": 0.5662809412809413, "Avg. avg_f1-score d=0.4": 0.7968250796822227, "Avg. avg_f1-score d=0.5": 0.8349076320504893, "Avg. avg_f1-score d=0.6": 0.8642915814344386, "One-shot score": 0.5454545454545454, "_timestamp": 1655069737, "_runtime": 9431, "_step": 154, "Best result balanced accuracy for d=0.1": 0.6047619047619048, "Best result f-score for d=0.1": 0.592929292929293, "Best result balanced accuracy for d=0.25": 0.7112044817927172, "Best result f-score for d=0.25": 0.641407867494824, "Best result balanced accuracy for d=0.4": 0.8752100840336133, "Best result f-score for d=0.4": 0.8643003461185281, "Best result balanced accuracy for d=0.5": 0.9197619047619047, "Best result f-score for d=0.5": 0.9122201607915894, "Best result balanced accuracy for d=0.6": 0.9134103641456583, "Best result f-score for d=0.6": 0.9144038967568381, "Best distance threshold based on balanced acc 1-folds": 0.5, "Best distance threshold based on f1-score 1-folds": 0.6, "_wandb": {"runtime": 9431}}