{"Avg. AUC value per epoch for testing validation": 0.7886293813713169, "Avg. AUC value per epoch for training validation": 0.7620754394947943, "Avg. one-shot performance": 0.15789473684210525, "loss": 0.09135437715013331, "Best threshold running average for testing validation: ": 0.9866695511035428, "Best threshold running average for training validation": 0.9876885062608964, "Avg. loss testing validation": 0.1283797140562143, "Avg. loss training validation": 0.13496366958519398, "_timestamp": 1658246084, "_runtime": 437, "_step": 12}