{"Avg. AUC value per epoch for testing validation": 0.8250556128283831, "Avg. AUC value per epoch for training validation": 0.7992551811922217, "Avg. one-shot performance": 0.15789473684210525, "loss": 0.07073878481229509, "Best threshold running average for testing validation: ": 0.999822326341466, "Best threshold running average for training validation": 0.9997959842833639, "Avg. loss testing validation": 0.24084520171488333, "Avg. loss training validation": 0.4063298951596372, "_timestamp": 1658511582, "_runtime": 6504, "_step": 199, "Total avg. auc testing validation of the fold": 0.7575993645753138, "Total avg. auc training validation of the fold": 0.7447281110133142, "_wandb": {"runtime": 6502}}