{"Avg. AUC value per epoch for testing validation": 0.7845930472883597, "Avg. AUC value per epoch for training validation": 0.7644524356099308, "Avg. one-shot performance": 0.47058823529411764, "loss": 0.08009269339590525, "Best threshold running average for testing validation: ": 0.9998054422525506, "Best threshold running average for training validation": 0.9997955041514771, "Avg. loss testing validation": 0.4196349381253613, "Avg. loss training validation": 0.291878184862666, "_timestamp": 1658518022, "_runtime": 6434, "_step": 199, "Total avg. auc testing validation of the fold": 0.6900941130342048, "Total avg. auc training validation of the fold": 0.7626557953466185, "_wandb": {"runtime": 6432}}