{"Avg. AUC value per epoch for testing validation": 0.9223293213138948, "Avg. AUC value per epoch for training validation": 0.9500816441704603, "Avg. one-shot performance": 0.3125, "loss": 0.017534156696414824, "Best threshold running average for testing validation: ": 0.989291885075153, "Best threshold running average for training validation": 0.9879010554928106, "Avg. loss testing validation": 0.06313337317659759, "Avg. loss training validation": 0.07944957228088996, "_timestamp": 1656264361, "_runtime": 11180, "_step": 149, "Total avg. auc testing validation of the fold": 0.9168591266908849, "Total avg. auc training validation of the fold": 0.9200327825277804, "_wandb": {"runtime": 11181}}