{"Avg. AUC value per epoch for testing validation": 0.8594509001335, "Avg. AUC value per epoch for training validation": 0.8593322386425836, "Avg. one-shot performance": 0.25, "loss": 0.051261437845866814, "Best threshold running average for testing validation: ": 0.9998657456713765, "Best threshold running average for training validation": 0.9998445288180241, "Avg. loss testing validation": 0.11248323154671003, "Avg. loss training validation": 0.1563405857802327, "_timestamp": 1657485048, "_runtime": 4893, "_step": 149, "Total avg. auc testing validation of the fold": 0.8075313898772593, "Total avg. auc training validation of the fold": 0.8101338928641563, "_wandb": {"runtime": 4890}}