{"Avg. AUC value per epoch for testing validation": 0.9114822666518995, "Avg. AUC value per epoch for training validation": 0.9292447489053093, "Avg. one-shot performance": 0.3125, "loss": 0.01409085087197484, "Best threshold running average for testing validation: ": 0.9908418648995005, "Best threshold running average for training validation": 0.987852774450443, "Avg. loss testing validation": 0.05545643630299386, "Avg. loss training validation": 0.07162363449938174, "_timestamp": 1656253174, "_runtime": 11198, "_step": 149, "Total avg. auc testing validation of the fold": NaN, "Total avg. auc training validation of the fold": 0.9244372280920855, "_wandb": {"runtime": 11198}}