{"Avg. AUC value per epoch for testing validation": 0.8174916527705901, "Avg. AUC value per epoch for training validation": 0.8248523032836758, "Avg. one-shot performance": 0.2857142857142857, "loss": 0.04078613247697499, "Best threshold running average for testing validation: ": 0.9914687711920507, "Best threshold running average for training validation": 0.9915303645251318, "Avg. loss testing validation": 0.09479109886718899, "Avg. loss training validation": 0.11391157532806055, "_timestamp": 1657526014, "_runtime": 4867, "_step": 149, "Total avg. auc testing validation of the fold": 0.8236569776184195, "Total avg. auc training validation of the fold": 0.8232090629404949, "_wandb": {"runtime": 4865}}