{"Avg. AUC value per epoch for testing validation": 0.8886087850618742, "Avg. AUC value per epoch for training validation": 0.8432229969510671, "Avg. one-shot performance": 0.21052631578947367, "loss": 0.03962621629570732, "Best threshold running average for testing validation: ": 0.9896276114973395, "Best threshold running average for training validation": 0.9889644247602978, "Avg. loss testing validation": 0.09118703383512819, "Avg. loss training validation": 0.09824051809426461, "_timestamp": 1658370008, "_runtime": 5614, "_step": 199, "Total avg. auc testing validation of the fold": 0.8145462131400412, "Total avg. auc training validation of the fold": 0.8243328696469794, "_wandb": {"runtime": 5611}}