{"Avg. AUC value per epoch for testing validation": 0.9580462972090107, "Avg. AUC value per epoch for training validation": 0.9658466814603408, "Avg. one-shot performance": 0.47368421052631576, "loss": 0.030883948102689792, "Best threshold running average for testing validation: ": 0.9998467400445413, "Best threshold running average for training validation": 0.999815848904039, "Avg. loss testing validation": 0.130922648974807, "Avg. loss training validation": 0.19434822428308055, "_timestamp": 1656021238, "_runtime": 14915, "_step": 199, "Total avg. auc testing validation of the fold": 0.9248350798483078, "Total avg. auc training validation of the fold": 0.918821926302567, "_wandb": {"runtime": 14914}}