{"loss": 0.034698700680078375, "Avg. balanced accuracy d=0.1": 0.6510849327735293, "Avg. balanced accuracy d=0.25": 0.7649472684560403, "Avg. balanced accuracy d=0.4": 0.8398560503823662, "Avg. balanced accuracy d=0.5": 0.8428489760726603, "Avg. balanced accuracy d=0.6": 0.8568509950088896, "Avg. precision d=0.1": 0.948015873015873, "Avg. precision d=0.25": 0.8878763212096544, "Avg. precision d=0.4": 0.8402180245317499, "Avg. precision d=0.5": 0.8071496929856062, "Avg. precision d=0.6": 0.799452729471911, "Avg. recall d=0.1": 0.32223159394212025, "Avg. recall d=0.25": 0.60305330634278, "Avg. recall d=0.4": 0.8313090418353576, "Avg. recall d=0.5": 0.8946966775914144, "Avg. recall d=0.6": 0.950984566116145, "Avg. avg_f1-score d=0.1": 0.4724290475730777, "Avg. avg_f1-score d=0.25": 0.7134937576638294, "Avg. avg_f1-score d=0.4": 0.833512751918824, "Avg. avg_f1-score d=0.5": 0.844730903721365, "Avg. avg_f1-score d=0.6": 0.8644347819535334, "_timestamp": 1655233884, "_runtime": 1660, "_step": 26, "_wandb": {"runtime": 1668}}