{"Avg. AUC value per epoch for testing validation": 0.9536414396369558, "Avg. AUC value per epoch for training validation": 0.9445977773160684, "Avg. one-shot performance": 0.5151515151515151, "loss": 0.0267674041041302, "Best threshold running average for testing validation: ": 0.9998486533671436, "Best threshold running average for training validation": 0.9998117657332996, "_timestamp": 1655798575, "_runtime": 36402, "_step": 498, "_wandb": {"runtime": 36403}}