{"Avg. AUC value per epoch for testing validation": 0.9612344644602709, "Avg. AUC value per epoch for training validation": 0.9701524388257738, "Avg. one-shot performance": 0.5, "loss": 0.029811064186656775, "Best threshold running average for testing validation: ": 0.9998461125484064, "Best threshold running average for training validation": 0.9998214529986357, "Avg. loss testing validation": 0.14761583305801526, "Avg. loss training validation": 0.15197807296944088, "_timestamp": 1655991346, "_runtime": 14952, "_step": 199, "Total avg. auc testing validation of the fold": 0.9275414121248727, "Total avg. auc training validation of the fold": 0.9184805329582602, "_wandb": {"runtime": 14953}}