{"Avg. AUC value per epoch for testing validation": 0.8843484155337604, "Avg. AUC value per epoch for training validation": 0.8823209529243684, "Avg. one-shot performance": 0.3548387096774194, "loss": 0.03718837143052203, "Best threshold running average for testing validation: ": 0.9375683546066285, "Best threshold running average for training validation": 0.9370279133319854, "Avg. loss testing validation": 0.035220709899654125, "Avg. loss training validation": 0.037827381798316004, "_timestamp": 1656276189, "_runtime": 157, "_step": 1, "_wandb": {"runtime": 200}}