{"Avg. AUC value per epoch for testing validation": 0.8573832827865085, "Avg. AUC value per epoch for training validation": 0.905030528014399, "Avg. one-shot performance": 0.25, "loss": 0.03757793247091451, "Best threshold running average for testing validation: ": 0.9914896938891486, "Best threshold running average for training validation": 0.9916292150281952, "Avg. loss testing validation": 0.08357713188835171, "Avg. loss training validation": 0.11137485124480671, "_timestamp": 1657521142, "_runtime": 4850, "_step": 149, "Total avg. auc testing validation of the fold": 0.862820095135699, "Total avg. auc training validation of the fold": 0.8154794972439534, "_wandb": {"runtime": 4848}}