{"Avg. AUC value per epoch for testing validation": 0.9362787902493785, "Avg. AUC value per epoch for training validation": 0.9649155592461881, "Avg. one-shot performance": 0.3548387096774194, "loss": 0.014046283653937548, "Best threshold running average for testing validation: ": 0.9261974194427818, "Best threshold running average for training validation": 0.9148204471279937, "Avg. loss testing validation": 0.027569782040752958, "Avg. loss training validation": 0.027072858940563153, "_timestamp": 1656291685, "_runtime": 12332, "_step": 163, "_wandb": {"runtime": 12350}}