{"loss": 0.07587169724494525, "Avg. balanced accuracy d=0.1": 0.7200780278373157, "Avg. balanced accuracy d=0.25": 0.7406976859569738, "Avg. balanced accuracy d=0.4": 0.7997072715725967, "Avg. balanced accuracy d=0.5": 0.8017315630705723, "Avg. balanced accuracy d=0.6": 0.796523229737239, "Avg. precision d=0.1": 0.8490079365079365, "Avg. precision d=0.25": 0.7497377622377622, "Avg. precision d=0.4": 0.7452091767881242, "Avg. precision d=0.5": 0.7301587301587302, "Avg. precision d=0.6": 0.7247474747474748, "Avg. recall d=0.1": 0.5284407993966818, "Avg. recall d=0.25": 0.6537078934137758, "Avg. recall d=0.4": 0.8326640271493213, "Avg. recall d=0.5": 0.8657051282051281, "Avg. recall d=0.6": 0.8657051282051281, "Avg. avg_f1-score d=0.1": 0.6363973586799674, "Avg. avg_f1-score d=0.25": 0.6943750693750693, "Avg. avg_f1-score d=0.4": 0.7818123334252366, "Avg. avg_f1-score d=0.5": 0.78798106862623, "Avg. avg_f1-score d=0.6": 0.7844248808595159, "One-shot performance": 0.20833333333333334, "_timestamp": 1654803487, "_runtime": 274, "_step": 4, "_wandb": {"runtime": 279}}