{"Avg. AUC value per epoch for testing validation": 0.7707368743331087, "Avg. AUC value per epoch for training validation": 0.7260433111021347, "Avg. one-shot performance": 0.125, "loss": 0.19968144041355804, "Best threshold running average for testing validation: ": 0.9965890169143676, "Best threshold running average for training validation": 0.9894208073616028, "Avg. loss testing validation": 0.1182196770886577, "Avg. loss training validation": 0.14260890268801227, "_timestamp": 1656195937, "_runtime": 83, "_step": 0}