{"loss": 0.02874881589574702, "Avg. balanced accuracy d=0.1": 0.5495098039215686, "Avg. balanced accuracy d=0.25": 0.5929271708683473, "Avg. balanced accuracy d=0.4": 0.7826680672268909, "Avg. balanced accuracy d=0.5": 0.8651960784313725, "Avg. balanced accuracy d=0.6": 0.8916666666666666, "Avg. precision d=0.1": 1.0, "Avg. precision d=0.25": 0.9833333333333334, "Avg. precision d=0.4": 0.9535353535353536, "Avg. precision d=0.5": 0.9285714285714286, "Avg. precision d=0.6": 0.91, "Avg. recall d=0.1": 0.10571428571428572, "Avg. recall d=0.25": 0.1995918367346939, "Avg. recall d=0.4": 0.6153741496598638, "Avg. recall d=0.5": 0.8061904761904765, "Avg. recall d=0.6": 0.8857142857142859, "Avg. avg_f1-score d=0.1": 0.48961038961038966, "Avg. avg_f1-score d=0.25": 0.49714285714285705, "Avg. avg_f1-score d=0.4": 0.751659115295479, "Avg. avg_f1-score d=0.5": 0.8454298082869514, "Avg. avg_f1-score d=0.6": 0.8813028241599672, "One-shot score": 0.5151515151515151, "_timestamp": 1654983465, "_runtime": 11750, "_step": 181, "_wandb": {"runtime": 11755}}