{"Avg. AUC value per epoch for testing validation": 0.8032557087162351, "Avg. AUC value per epoch for training validation": 0.8241263665563235, "Avg. one-shot performance": 0.2222222222222222, "loss": 0.08299867188938777, "Best threshold running average for testing validation: ": 0.9998108760595724, "Best threshold running average for training validation": 0.9997934870783807, "Avg. loss testing validation": 0.27983299688934876, "Avg. loss training validation": 0.40424281701400344, "_timestamp": 1658549914, "_runtime": 6394, "_step": 199, "Total avg. auc testing validation of the fold": 0.7709371889531006, "Total avg. auc training validation of the fold": 0.7492852492673892, "_wandb": {"runtime": 6391}}