{"Avg. AUC value per epoch for testing validation": 0.6693790159531302, "Avg. AUC value per epoch for training validation": 0.7573390217592255, "Avg. one-shot performance": 0.12903225806451613, "loss": 0.15922351659029105, "Best threshold running average for testing validation: ": 0.9995021820068359, "Best threshold running average for training validation": 0.999397348165512, "Avg. loss testing validation": 1.2844983110491277, "Avg. loss training validation": 2.2254797396634554, "_timestamp": 1655928773, "_runtime": 738, "_step": 9}