{"Avg. AUC value per epoch for testing validation": 0.9647449630894025, "Avg. AUC value per epoch for training validation": 0.955157239154215, "Avg. one-shot performance": 0.47058823529411764, "loss": 0.030567426345088244, "Best threshold running average for testing validation: ": 1.0189435764772807, "Best threshold running average for training validation": 0.9998173345273471, "Avg. loss testing validation": 0.12849809647085086, "Avg. loss training validation": 0.19432227024462623, "_timestamp": 1656099368, "_runtime": 14701, "_step": 199, "Total avg. auc testing validation of the fold": NaN, "Total avg. auc training validation of the fold": 0.9143159747019496, "_wandb": {"runtime": 14702}}