{"Avg. AUC value per epoch for testing validation": 0.830919585591927, "Avg. AUC value per epoch for training validation": 0.8192391899288451, "Avg. one-shot performance": 0.2777777777777778, "loss": 0.08169728877891713, "Best threshold running average for testing validation: ": 0.9998206098874408, "Best threshold running average for training validation": 0.9997954554294219, "Avg. loss testing validation": 0.2727099000318154, "Avg. loss training validation": 0.40048479539836374, "_timestamp": 1658537151, "_runtime": 6335, "_step": 199, "Total avg. auc testing validation of the fold": 0.7356914887668873, "Total avg. auc training validation of the fold": 0.7448334686145178, "_wandb": {"runtime": 6332}}