{"Avg. AUC value per epoch for testing validation": 0.8129749005939483, "Avg. AUC value per epoch for training validation": 0.819753871144305, "Avg. one-shot performance": 0.21052631578947367, "loss": 0.025893974928869842, "Best threshold running average for testing validation: ": 0.9840121508842742, "Best threshold running average for training validation": 0.9835933680510407, "Avg. loss testing validation": 0.1076821227266716, "Avg. loss training validation": 0.12783200856358087, "_timestamp": 1658253272, "_runtime": 6676, "_step": 199, "Total avg. auc testing validation of the fold": 0.8161819242329755, "Total avg. auc training validation of the fold": 0.8274089074380313, "_wandb": {"runtime": 6674}}