{"Avg. AUC value per epoch for testing validation": 0.9242431771934239, "Avg. AUC value per epoch for training validation": 0.9406585545380113, "Avg. one-shot performance": 0.46875, "loss": 0.017666301149032997, "Best threshold running average for testing validation: ": 0.9879207151048139, "Best threshold running average for training validation": 0.9854520700121885, "Avg. loss testing validation": 0.07378745827567004, "Avg. loss training validation": 0.06526499570368952, "_timestamp": 1656208315, "_runtime": 11356, "_step": 149, "Total avg. auc testing validation of the fold": 0.928840894748285, "Total avg. auc training validation of the fold": 0.9249462590699452, "_wandb": {"runtime": 11358}}