{"Avg. AUC value per epoch for testing validation": 0.889171240759476, "Avg. AUC value per epoch for training validation": 0.9590390236385786, "Avg. one-shot performance": 0.53125, "loss": 0.03058128010839723, "Best threshold running average for testing validation: ": 1.0028708932986816, "Best threshold running average for training validation": 0.9998181517399735, "Avg. loss testing validation": 0.12203305044850515, "Avg. loss training validation": 0.19376469459136708, "_timestamp": 1656069850, "_runtime": 14779, "_step": 199, "Total avg. auc testing validation of the fold": NaN, "Total avg. auc training validation of the fold": 0.9142114335208242, "_wandb": {"runtime": 14781}}