{"Avg. AUC value per epoch for testing validation": 0.774569357365481, "Avg. AUC value per epoch for training validation": 0.6963977471569673, "Avg. one-shot performance": 0.16129032258064516, "loss": 2.7289849847980383, "Best threshold running average for testing validation: ": 0.9985618591308594, "Best threshold running average for training validation": 0.9985610127449036, "Avg. loss testing validation": 1.0374219045042992, "Avg. loss training validation": 1.2062181688845157, "_timestamp": 1656275925, "_runtime": 81, "_step": 0}