{"Avg. AUC value per epoch for testing validation": 0.8526976597090449, "Avg. AUC value per epoch for training validation": 0.8720992701526629, "Avg. one-shot performance": 0.2631578947368421, "loss": 0.03538771474890401, "Best threshold running average for testing validation: ": 0.9861612848101345, "Best threshold running average for training validation": 0.9844436317033298, "Avg. loss testing validation": 0.09929764506973987, "Avg. loss training validation": 0.118498534708941, "_timestamp": 1658286930, "_runtime": 6715, "_step": 199, "Total avg. auc testing validation of the fold": 0.8226520190308645, "Total avg. auc training validation of the fold": 0.8353689633833724, "_wandb": {"runtime": 6713}}