{"Avg. AUC value per epoch for testing validation": 0.9738569159335289, "Avg. AUC value per epoch for training validation": 0.9595018655235373, "Avg. one-shot performance": 0.41935483870967744, "loss": 0.0323419719198237, "Best threshold running average for testing validation: ": 0.9998461587345184, "Best threshold running average for training validation": 0.9998170493236146, "Avg. loss testing validation": 0.13867550279242652, "Avg. loss training validation": 0.18658497204905256, "_timestamp": 1655943903, "_runtime": 14748, "_step": 199, "Total avg. auc testing validation of the fold": 0.9144683402503463, "Total avg. auc training validation of the fold": 0.9148839758084683, "_wandb": {"runtime": 14749}}