{"Avg. AUC value per epoch for testing validation": 0.9853286182508194, "Avg. AUC value per epoch for training validation": 0.9222583160830314, "Avg. one-shot performance": 0.625, "loss": 0.030821224275901025, "Best threshold running average for testing validation: ": 0.9998422374677417, "Best threshold running average for training validation": 0.9998148475460072, "Avg. loss testing validation": 0.12444670019468929, "Avg. loss training validation": 0.18038957992072174, "_timestamp": 1656006313, "_runtime": 14959, "_step": 199, "Total avg. auc testing validation of the fold": 0.9323620689259101, "Total avg. auc training validation of the fold": 0.911894946868404, "_wandb": {"runtime": 14959}}