{"Avg. AUC value per epoch for testing validation": 0.6806590578389309, "Avg. AUC value per epoch for training validation": 0.6511309606167736, "Avg. one-shot performance": 0.10526315789473684, "loss": 21.32392189712224, "Best threshold running average for testing validation: ": 0.9987861116727194, "Best threshold running average for training validation": 0.9986497163772583, "Avg. loss testing validation": 3.30480954246152, "Avg. loss training validation": 5.976421929937971, "_timestamp": 1658504994, "_runtime": 89, "_step": 0}