{"Avg. AUC value per epoch for testing validation": 0.8270977924405344, "Avg. AUC value per epoch for training validation": 0.845785107242282, "Avg. one-shot performance": 0.15789473684210525, "loss": 0.053186068792316125, "Best threshold running average for testing validation: ": 0.9998572160733624, "Best threshold running average for training validation": 0.9998407685249974, "Avg. loss testing validation": 0.11830626571276724, "Avg. loss training validation": 0.1643346253876801, "_timestamp": 1657406325, "_runtime": 4897, "_step": 149, "Total avg. auc testing validation of the fold": 0.8098743513157118, "Total avg. auc training validation of the fold": 0.8064832297260108, "_wandb": {"runtime": 4895}}