{"Avg. AUC value per epoch for testing validation": 0.956238537448215, "Avg. AUC value per epoch for training validation": 0.9604515840110945, "Avg. one-shot performance": 0.35294117647058826, "loss": 0.014456413115327353, "Best threshold running average for testing validation: ": 1.003330677547711, "Best threshold running average for training validation": 0.9851232297468501, "Avg. loss testing validation": 0.05625224952023411, "Avg. loss training validation": 0.06640162864469902, "_timestamp": 1656275503, "_runtime": 11135, "_step": 149, "Total avg. auc testing validation of the fold": NaN, "Total avg. auc training validation of the fold": 0.9344208277611183, "_wandb": {"runtime": 11135}}