{"Avg. AUC value per epoch for testing validation": 0.9391163734792507, "Avg. AUC value per epoch for training validation": 0.9293512372394794, "Avg. one-shot performance": 0.46875, "loss": 0.015514816793221404, "Best threshold running average for testing validation: ": 0.9903574794730885, "Best threshold running average for training validation": 0.9871091447420571, "Avg. loss testing validation": 0.04834719726762524, "Avg. loss training validation": 0.07308187473823322, "_timestamp": 1656219531, "_runtime": 11208, "_step": 149, "Total avg. auc testing validation of the fold": 0.9373999705085416, "Total avg. auc training validation of the fold": 0.9214487547169861, "_wandb": {"runtime": 11208}}