{"Avg. AUC value per epoch for testing validation": 0.9220488429976097, "Avg. AUC value per epoch for training validation": 0.9161446341281934, "Avg. one-shot performance": 0.22580645161290322, "loss": 0.040392565938996094, "Best threshold running average for testing validation: ": 0.8765166827042898, "Best threshold running average for training validation": 0.871579633951187, "Avg. loss testing validation": 0.062382472274953533, "Avg. loss training validation": 0.061201354044376176, "_timestamp": 1656452121, "_runtime": 2126, "_step": 29, "_wandb": {"runtime": 2130}}