{"Avg. AUC value per epoch for testing validation": 0.7915499402795229, "Avg. AUC value per epoch for training validation": 0.8578100853850712, "Avg. one-shot performance": 0.15789473684210525, "loss": 0.04862483730392136, "Best threshold running average for testing validation: ": 0.9908353498318057, "Best threshold running average for training validation": 0.9897333790258543, "Avg. loss testing validation": 0.09608326543790202, "Avg. loss training validation": 0.10971485565662713, "_timestamp": 1657535691, "_runtime": 4834, "_step": 149, "Total avg. auc testing validation of the fold": 0.8090377894003372, "Total avg. auc training validation of the fold": 0.8212238846033334, "_wandb": {"runtime": 4832}}