{"loss": 0.2501451238390093, "Avg. balanced accuracy d=0.1": 0.5, "Avg. balanced accuracy d=0.25": 0.5, "Avg. balanced accuracy d=0.4": 0.5, "Avg. balanced accuracy d=0.5": 0.5, "Avg. balanced accuracy d=0.6": 0.5, "Avg. precision d=0.1": 0.611111111111111, "Avg. precision d=0.25": 0.611111111111111, "Avg. precision d=0.4": 0.611111111111111, "Avg. precision d=0.5": 0.611111111111111, "Avg. precision d=0.6": 0.611111111111111, "Avg. recall d=0.1": 1.0, "Avg. recall d=0.25": 1.0, "Avg. recall d=0.4": 1.0, "Avg. recall d=0.5": 1.0, "Avg. recall d=0.6": 1.0, "Avg. avg_f1-score d=0.1": 0.7571701957136131, "Avg. avg_f1-score d=0.25": 0.7571701957136131, "Avg. avg_f1-score d=0.4": 0.7571701957136131, "Avg. avg_f1-score d=0.5": 0.7571701957136131, "Avg. avg_f1-score d=0.6": 0.7571701957136131, "One-shot performance": 0.041666666666666664, "_timestamp": 1654630645, "_runtime": 270, "_step": 4, "_wandb": {"runtime": 286}}