{"Avg. AUC value per epoch for testing validation": 0.8283037413472195, "Avg. AUC value per epoch for training validation": 0.8198284690220174, "Avg. one-shot performance": 0.23529411764705882, "loss": 0.033351076004010244, "Best threshold running average for testing validation: ": 0.9846697221049916, "Best threshold running average for training validation": 0.9829951398935749, "Avg. loss testing validation": 0.13604352047287435, "Avg. loss training validation": 0.11630748532124416, "_timestamp": 1658259980, "_runtime": 6703, "_step": 199, "Total avg. auc testing validation of the fold": 0.7936681218894748, "Total avg. auc training validation of the fold": 0.8185024499872725, "_wandb": {"runtime": 6700}}