{"Avg. AUC value per epoch for testing validation": 0.9034445087076666, "Avg. AUC value per epoch for training validation": 0.8960058300575543, "Avg. one-shot performance": 0.2222222222222222, "loss": 0.04578186987684147, "Best threshold running average for testing validation: ": 0.9890893079023767, "Best threshold running average for training validation": 0.9878371167236258, "Avg. loss testing validation": 0.07353161626381292, "Avg. loss training validation": 0.0994941720784347, "_timestamp": 1657540552, "_runtime": 4856, "_step": 149, "Total avg. auc testing validation of the fold": 0.8692499207497631, "Total avg. auc training validation of the fold": 0.8244072831037138, "_wandb": {"runtime": 4854}}