{"Avg. AUC value per epoch for testing validation": 0.9030184460069517, "Avg. AUC value per epoch for training validation": 0.8924153368980955, "Avg. one-shot performance": 0.1, "loss": 0.02948371315630459, "Best threshold running average for testing validation: ": 0.9851013433993161, "Best threshold running average for training validation": 0.9843712077667967, "Avg. loss testing validation": 0.09300366814190848, "Avg. loss training validation": 0.12140219705037095, "_timestamp": 1658300341, "_runtime": 6704, "_step": 199, "Total avg. auc testing validation of the fold": 0.8322193443164778, "Total avg. auc training validation of the fold": 0.8401451796949506, "_wandb": {"runtime": 6703}}