{"loss": 0.6843515220516924, "Avg. balanced accuracy d=0.1": 0.5742063492063492, "Avg. balanced accuracy d=0.25": 0.5742063492063492, "Avg. balanced accuracy d=0.4": 0.5742063492063492, "Avg. balanced accuracy d=0.5": 0.5789682539682539, "Avg. balanced accuracy d=0.6": 0.6047619047619048, "Avg. precision d=0.1": 1.0, "Avg. precision d=0.25": 1.0, "Avg. precision d=0.4": 1.0, "Avg. precision d=0.5": 1.0, "Avg. precision d=0.6": 1.0, "Avg. recall d=0.1": 0.1484126984126984, "Avg. recall d=0.25": 0.1484126984126984, "Avg. recall d=0.4": 0.1484126984126984, "Avg. recall d=0.5": 0.15793650793650793, "Avg. recall d=0.6": 0.20952380952380953, "Avg. avg_f1-score d=0.1": 0.4746031746031746, "Avg. avg_f1-score d=0.25": 0.4746031746031746, "Avg. avg_f1-score d=0.4": 0.4746031746031746, "Avg. avg_f1-score d=0.5": 0.5010582010582011, "Avg. avg_f1-score d=0.6": 0.5733333333333333, "_timestamp": 1654642018, "_runtime": 270, "_step": 4, "_wandb": {"runtime": 321}}