{"Avg. AUC value per epoch for testing validation": 0.47113503478353325, "Avg. AUC value per epoch for training validation": 0.4898800939651486, "Avg. one-shot performance": 0.03125, "loss": 0.23517942917768114, "Best threshold running average for testing validation: ": 1.1999987959861755, "Best threshold running average for training validation": 1.1999999284744263, "Avg. loss testing validation": 0.2209551082149758, "Avg. loss training validation": 0.24851741266424182, "_timestamp": 1656184470, "_runtime": 79, "_step": 0, "_wandb": {"runtime": 127}}