{"Avg. AUC value per epoch for testing validation": 0.8677163338453662, "Avg. AUC value per epoch for training validation": 0.8271239749734374, "Avg. one-shot performance": 0.2777777777777778, "loss": 0.04387215434565492, "Best threshold running average for testing validation: ": 0.9886233046550875, "Best threshold running average for training validation": 0.9882251564288299, "Avg. loss testing validation": 0.09456353712531054, "Avg. loss training validation": 0.11637781068319075, "_timestamp": 1657530852, "_runtime": 4833, "_step": 149, "Total avg. auc testing validation of the fold": 0.8251904196773379, "Total avg. auc training validation of the fold": 0.812385087160762, "_wandb": {"runtime": 4831}}