{"Avg. AUC value per epoch for testing validation": 0.9495221182743965, "Avg. AUC value per epoch for training validation": 0.9706015226603462, "Avg. one-shot performance": 0.22580645161290322, "loss": 0.03388994421796856, "Best threshold running average for testing validation: ": 0.8741139534641715, "Best threshold running average for training validation": 0.8485260027296403, "Avg. loss testing validation": 0.059626012750325065, "Avg. loss training validation": 0.0578378543984917, "_timestamp": 1656294467, "_runtime": 2553, "_step": 33, "_wandb": {"runtime": 2584}}