{"Avg. AUC value per epoch for testing validation": 0.8874885969713556, "Avg. AUC value per epoch for training validation": 0.8302320896430092, "Avg. one-shot performance": 0.5555555555555556, "loss": 0.03219207325826102, "Best threshold running average for testing validation: ": 0.9882094364869136, "Best threshold running average for training validation": 0.9873067273366798, "Avg. loss testing validation": 0.07489610906856138, "Avg. loss training validation": 0.12422090134960125, "_timestamp": 1658293632, "_runtime": 6698, "_step": 199, "Total avg. auc testing validation of the fold": 0.8732226863972778, "Total avg. auc training validation of the fold": 0.8164624877321656, "_wandb": {"runtime": 6696}}