{"Avg. AUC value per epoch for testing validation": 0.8937605835628835, "Avg. AUC value per epoch for training validation": 0.9333924618824507, "Avg. one-shot performance": 0.16129032258064516, "loss": 0.0496742096919688, "Best threshold running average for testing validation: ": 0.884358252797808, "Best threshold running average for training validation": 0.8828517683914728, "Avg. loss testing validation": 0.06480024336501074, "Avg. loss training validation": 0.0645688879893296, "_timestamp": 1656449943, "_runtime": 1017, "_step": 13, "_wandb": {"runtime": 1035}}