{"Avg. AUC value per epoch for testing validation": 0.9778773503536312, "Avg. AUC value per epoch for training validation": 0.9585225183823528, "Avg. one-shot performance": 0.46875, "loss": 0.03255768093483312, "Best threshold running average for testing validation: ": 1.0020198684769712, "Best threshold running average for training validation": 0.9998214476172984, "Avg. loss testing validation": 0.11417634666885884, "Avg. loss training validation": 0.19019063321158097, "_timestamp": 1656050028, "_runtime": 13872, "_step": 184}