{"loss": 0.2600919423478373, "_timestamp": 1653004461, "_runtime": 875, "_step": 22, "accuracy": 0.33098591549295775, "_wandb": {"runtime": 877}}