{"loss": 0.05830644752131775, "Avg. balanced accuracy d=0.1": 0.5618707482993197, "Avg. balanced accuracy d=0.25": 0.6305102040816326, "Avg. balanced accuracy d=0.4": 0.7140816326530612, "Avg. balanced accuracy d=0.5": 0.7551700680272109, "Avg. balanced accuracy d=0.6": 0.7920068027210885, "Avg. precision d=0.1": 1.0, "Avg. precision d=0.25": 0.967948717948718, "Avg. precision d=0.4": 0.9401041666666667, "Avg. precision d=0.5": 0.9387254901960784, "Avg. precision d=0.6": 0.9107843137254903, "Avg. recall d=0.1": 0.12374149659863945, "Avg. recall d=0.25": 0.277687074829932, "Avg. recall d=0.4": 0.4617687074829932, "Avg. recall d=0.5": 0.5510884353741498, "Avg. recall d=0.6": 0.6628571428571428, "Avg. avg_f1-score d=0.1": 0.41552579365079373, "Avg. avg_f1-score d=0.25": 0.513003663003663, "Avg. avg_f1-score d=0.4": 0.6280100108225108, "Avg. avg_f1-score d=0.5": 0.6801629742806214, "Avg. avg_f1-score d=0.6": 0.7573232323232324, "One-shot score": 0.15151515151515152, "_timestamp": 1655457205, "_runtime": 5877, "_step": 131, "_wandb": {"runtime": 5895}}