{"Avg. AUC value per epoch for testing validation": 0.6567937438905181, "Avg. one-shot performance": 0.24242424242424243, "_timestamp": 1655488543, "_runtime": 452, "_step": 6, "_wandb": {"runtime": 466}}