{"loss": 0.10222242206024627, "Avg. balanced accuracy d=0.1": 0.5484693877551021, "Avg. balanced accuracy d=0.25": 0.5596598639455782, "Avg. balanced accuracy d=0.4": 0.568469387755102, "Avg. balanced accuracy d=0.5": 0.5870408163265306, "Avg. balanced accuracy d=0.6": 0.614421768707483, "Avg. precision d=0.1": 1.0, "Avg. precision d=0.25": 1.0, "Avg. precision d=0.4": 0.980392156862745, "Avg. precision d=0.5": 0.982456140350877, "Avg. precision d=0.6": 0.9652777777777777, "Avg. recall d=0.1": 0.09693877551020409, "Avg. recall d=0.25": 0.11931972789115647, "Avg. recall d=0.4": 0.14646258503401363, "Avg. recall d=0.5": 0.18360544217687075, "Avg. recall d=0.6": 0.2440816326530612, "Avg. avg_f1-score d=0.1": 0.4034798534798535, "Avg. avg_f1-score d=0.25": 0.41857142857142854, "Avg. avg_f1-score d=0.4": 0.43515406162464987, "Avg. avg_f1-score d=0.5": 0.4789473684210526, "Avg. avg_f1-score d=0.6": 0.48888888888888893, "One-shot score": 0.12121212121212122, "_timestamp": 1655470685, "_runtime": 6635, "_step": 154, "Best result balanced accuracy for d=0.1": 0.599025974025974, "Best result f-score for d=0.1": 0.5598214285714286, "Best result balanced accuracy for d=0.25": 0.6391456582633053, "Best result f-score for d=0.25": 0.5839285714285715, "Best result balanced accuracy for d=0.4": 0.7026610644257703, "Best result f-score for d=0.4": 0.6284761904761905, "Best result balanced accuracy for d=0.5": 0.7513305322128851, "Best result f-score for d=0.5": 0.7066839970065778, "Best result balanced accuracy for d=0.6": 0.7764355742296919, "Best result f-score for d=0.6": 0.7642782504851472, "Best distance threshold based on balanced acc 1-folds": 0.6, "Best distance threshold based on f1-score 1-folds": 0.6, "_wandb": {"runtime": 6636}}