{"Avg. AUC value per epoch for testing validation": 0.821986699094727, "Avg. AUC value per epoch for training validation": 0.7867918439087793, "Avg. one-shot performance": 0.16666666666666666, "loss": 0.05508685875442298, "Best threshold running average for testing validation: ": 0.9998599564202412, "Best threshold running average for training validation": 0.9998406003785615, "Avg. loss testing validation": 0.11786105388227279, "Avg. loss training validation": 0.14623320049079414, "_timestamp": 1657470363, "_runtime": 49369, "_step": 149, "Total avg. auc testing validation of the fold": 0.812024270392292, "Total avg. auc training validation of the fold": 0.8142492327705636, "_wandb": {"runtime": 49366}}