{"Avg. AUC value per epoch for testing validation": 0.8369465730097914, "Avg. AUC value per epoch for training validation": 0.8456411448635924, "Avg. one-shot performance": 0.10526315789473684, "loss": 0.05028429712896513, "Best threshold running average for testing validation: ": 0.9898078540294228, "Best threshold running average for training validation": 0.9897236130648277, "Avg. loss testing validation": 0.10578347214596553, "Avg. loss training validation": 0.1285836451057093, "_timestamp": 1657511487, "_runtime": 4867, "_step": 149, "Total avg. auc testing validation of the fold": 0.8025873060245327, "Total avg. auc training validation of the fold": 0.8162873538202061, "_wandb": {"runtime": 4865}}