{"Avg. AUC value per epoch for testing validation": 0.8547753330722969, "Avg. AUC value per epoch for training validation": 0.8045230836138862, "Avg. one-shot performance": 0.14285714285714285, "loss": 0.03577513747542535, "Best threshold running average for testing validation: ": 0.983568422059518, "Best threshold running average for training validation": 0.9832380934176931, "Avg. loss testing validation": 0.10108061202857761, "Avg. loss training validation": 0.13103129765833452, "_timestamp": 1658273518, "_runtime": 6753, "_step": 199, "Total avg. auc testing validation of the fold": 0.8309655357586874, "Total avg. auc training validation of the fold": 0.8358832482158064, "_wandb": {"runtime": 6750}}