{"Avg. AUC value per epoch for testing validation": 0.873261457360722, "Avg. AUC value per epoch for training validation": 0.8709545084545085, "Avg. one-shot performance": 0.2, "loss": 0.03828555431261386, "Best threshold running average for testing validation: ": 0.9874943129381347, "Best threshold running average for training validation": 0.9872955868591612, "Avg. loss testing validation": 0.08530199048928182, "Avg. loss training validation": 0.09970885809160729, "_timestamp": 1658381170, "_runtime": 5562, "_step": 199, "Total avg. auc testing validation of the fold": 0.8324649131302987, "Total avg. auc training validation of the fold": 0.828026548808397, "_wandb": {"runtime": 5560}}