{"Avg. AUC value per epoch for testing validation": 0.8579259414502982, "Avg. AUC value per epoch for training validation": 0.8190639119435822, "PLAIN TRAINING: AVG AUC": 0.8924580212379195, "Best threshold avg. plain_training": 1.0831805012075821, "Avg. one-shot performance": 0.28125, "loss": 0.08878545717675196, "Best threshold running average for testing validation: ": 0.9996422332875868, "Best threshold running average for training validation": 0.9996037090525908, "Avg. loss testing validation": 1.0983398924614463, "Avg. loss training validation": 1.5980702156334097, "_timestamp": 1656126734, "_runtime": 1274, "_step": 16, "_wandb": {"runtime": 1340}}