{"Avg. AUC value per epoch for testing validation": 0.8682687146455262, "Avg. AUC value per epoch for training validation": 0.9085693592033969, "Avg. one-shot performance": 0.3333333333333333, "loss": 0.029936476580230503, "Best threshold running average for testing validation: ": 0.9852738067932068, "Best threshold running average for training validation": 0.9833289784203021, "Avg. loss testing validation": 0.09364904955834603, "Avg. loss training validation": 0.12929355297050135, "_timestamp": 1658280210, "_runtime": 6688, "_step": 199, "Total avg. auc testing validation of the fold": 0.8415797982027469, "Total avg. auc training validation of the fold": 0.8323133189657668, "_wandb": {"runtime": 6686}}