{"loss": 0.057242153671042344, "Avg. balanced accuracy d=0.1": 0.601984126984127, "Avg. balanced accuracy d=0.25": 0.7984126984126986, "Avg. balanced accuracy d=0.4": 0.8718253968253966, "Avg. balanced accuracy d=0.5": 0.8549319727891155, "Avg. balanced accuracy d=0.6": 0.7886621315192743, "Avg. precision d=0.1": 1.0, "Avg. precision d=0.25": 0.9365079365079364, "Avg. precision d=0.4": 0.907936507936508, "Avg. precision d=0.5": 0.8208616780045351, "Avg. precision d=0.6": 0.7382086167800453, "Avg. recall d=0.1": 0.20396825396825397, "Avg. recall d=0.25": 0.6341269841269842, "Avg. recall d=0.4": 0.846031746031746, "Avg. recall d=0.5": 0.9333333333333333, "Avg. recall d=0.6": 0.9452380952380953, "_timestamp": 1654089464, "_runtime": 2027, "_step": 38, "_wandb": {"runtime": 2028}}