{"Avg. AUC value per epoch for testing validation": 0.7346458601487066, "Avg. one-shot performance": 0.30303030303030304, "_timestamp": 1655487660, "_runtime": 81, "_step": 0, "_wandb": {"runtime": 82}}