{"loss": 0.14871300156680994, "Avg. balanced accuracy d=0.1": 0.7240306176451689, "Avg. balanced accuracy d=0.25": 0.7602811704978888, "Avg. balanced accuracy d=0.4": 0.7536658073035784, "Avg. balanced accuracy d=0.5": 0.7536076868894206, "Avg. balanced accuracy d=0.6": 0.7522798480615819, "Avg. precision d=0.1": 0.7902097902097903, "Avg. precision d=0.25": 0.7455266955266954, "Avg. precision d=0.4": 0.7278129117259552, "Avg. precision d=0.5": 0.7232230330056417, "Avg. precision d=0.6": 0.7183387010198605, "Avg. recall d=0.1": 0.6325798470535312, "Avg. recall d=0.25": 0.8606612685560054, "Avg. recall d=0.4": 0.9114447443394812, "Avg. recall d=0.5": 0.9330371869845554, "Avg. recall d=0.6": 0.9541910331384016, "Avg. avg_f1-score d=0.1": 0.6954343744666325, "Avg. avg_f1-score d=0.25": 0.7922566038061017, "Avg. avg_f1-score d=0.4": 0.8007635959818246, "Avg. avg_f1-score d=0.5": 0.804878048780488, "Avg. avg_f1-score d=0.6": 0.8088330919726269, "One-shot performance": 0.16666666666666666, "_timestamp": 1654802897, "_runtime": 1061, "_step": 19, "_wandb": {"runtime": 1106}}