{"Avg. AUC value per epoch for testing validation": 0.8058217503916428, "Avg. AUC value per epoch for training validation": 0.8127717771534976, "Avg. one-shot performance": 0.2631578947368421, "loss": 0.07722714080287865, "Best threshold running average for testing validation: ": 0.9998176267598342, "Best threshold running average for training validation": 0.9997939394546714, "Avg. loss testing validation": 0.24432726411663727, "Avg. loss training validation": 0.4054402830353268, "_timestamp": 1658543515, "_runtime": 6359, "_step": 199, "Total avg. auc testing validation of the fold": 0.7308580402724981, "Total avg. auc training validation of the fold": 0.7465651226506863, "_wandb": {"runtime": 6357}}