{"loss": 0.26049045250931785, "_timestamp": 1653003509, "_runtime": 1033, "_step": 26, "accuracy": 0.33098591549295775, "_wandb": {"runtime": 1035}}