{"Avg. AUC value per epoch for testing validation": 0.8902137289234063, "Avg. AUC value per epoch for training validation": 0.8673400034500603, "Avg. one-shot performance": 0.25, "loss": 0.0288397045724531, "Best threshold running average for testing validation: ": 0.984151860277857, "Best threshold running average for training validation": 0.9846753432123706, "Avg. loss testing validation": 0.09094954488494979, "Avg. loss training validation": 0.11962834043888287, "_timestamp": 1658266760, "_runtime": 6776, "_step": 199, "Total avg. auc testing validation of the fold": 0.8597079386989606, "Total avg. auc training validation of the fold": 0.8286009685223908, "_wandb": {"runtime": 6774}}