{"Avg. AUC value per epoch for testing validation": 0.9489591619472775, "Avg. AUC value per epoch for training validation": 0.9393281843241276, "Avg. one-shot performance": 0.2903225806451613, "loss": 0.037533179318321216, "Best threshold running average for testing validation: ": 0.9998276514165542, "Best threshold running average for training validation": 0.9997888775432812, "_timestamp": 1655926916, "_runtime": 7597, "_step": 101, "_wandb": {"runtime": 7629}}