{"Avg. AUC value per epoch for testing validation": 0.8544776461443129, "Avg. AUC value per epoch for training validation": 0.8642057912891247, "Avg. one-shot performance": 0.35, "loss": 0.05773710221721489, "Best threshold running average for testing validation: ": 0.9998466928533256, "Best threshold running average for training validation": 0.9998441135856663, "Avg. loss testing validation": 0.11725163446894148, "Avg. loss training validation": 0.16240586728682288, "_timestamp": 1657416089, "_runtime": 4882, "_step": 149, "Total avg. auc testing validation of the fold": 0.8452775895013449, "Total avg. auc training validation of the fold": 0.7991681566977707, "_wandb": {"runtime": 4879}}