{"loss": 0.024418928307516203, "Avg. balanced accuracy d=0.1": 0.7767007165184915, "Avg. balanced accuracy d=0.25": 0.8500848709048836, "Avg. balanced accuracy d=0.4": 0.8634137471413686, "Avg. balanced accuracy d=0.5": 0.8932659778887401, "Avg. balanced accuracy d=0.6": 0.8847507662485284, "Avg. precision d=0.1": 1.0, "Avg. precision d=0.25": 0.9255001942501941, "Avg. precision d=0.4": 0.8956450956450955, "Avg. precision d=0.5": 0.9015151515151515, "Avg. precision d=0.6": 0.872214469253943, "Avg. recall d=0.1": 0.5534014330369829, "Avg. recall d=0.25": 0.769695885600617, "Avg. recall d=0.4": 0.8438073417772906, "Avg. recall d=0.5": 0.9035118032720334, "Avg. recall d=0.6": 0.9265276762879066, "Avg. avg_f1-score d=0.1": 0.6897130647130648, "Avg. avg_f1-score d=0.25": 0.8371258769108231, "Avg. avg_f1-score d=0.4": 0.8644964461815005, "Avg. avg_f1-score d=0.5": 0.9011935617158741, "Avg. avg_f1-score d=0.6": 0.895793088333411, "One-shot performance": 0.5416666666666666, "_timestamp": 1654640987, "_runtime": 10292, "_step": 204, "Best result balanced accuracy for d=0.1": 0.8604497354497355, "Best result f-score for d=0.1": 0.8566163566163566, "Best result balanced accuracy for d=0.25": 0.8952801827801827, "Best result f-score for d=0.25": 0.9109882530614238, "Best result balanced accuracy for d=0.4": 0.9273945355538605, "Best result f-score for d=0.4": 0.9268824315867327, "Best result balanced accuracy for d=0.5": 0.9178598292228154, "Best result f-score for d=0.5": 0.9153730897916944, "Best result balanced accuracy for d=0.6": 0.9269511093911249, "Best result f-score for d=0.6": 0.9286690433749257, "Best distance threshold based on balanced acc 1-folds": 0.4, "Best distance threshold based on f1-score 1-folds": 0.6, "_wandb": {"runtime": 10294}}