{"Avg. AUC value per epoch for testing validation": 0.8921877571913869, "Avg. AUC value per epoch for training validation": 0.8212088401940552, "Avg. one-shot performance": 0.42857142857142855, "loss": 0.08484625385004467, "Best threshold running average for testing validation: ": 0.9998226749837099, "Best threshold running average for training validation": 0.999791070144979, "Avg. loss testing validation": 0.23050948346254474, "Avg. loss training validation": 0.3627264014866941, "_timestamp": 1658530812, "_runtime": 6409, "_step": 199, "Total avg. auc testing validation of the fold": 0.7724772707031786, "Total avg. auc training validation of the fold": 0.7375108082164779, "_wandb": {"runtime": 6406}}