{"Avg. AUC value per epoch for testing validation": 0.9054274548437411, "Avg. AUC value per epoch for training validation": 0.8525857843137257, "Avg. one-shot performance": 0.34375, "loss": 0.09002721122998406, "Best threshold running average for testing validation: ": 0.9996899220076475, "Best threshold running average for training validation": 0.9996278372677888, "Avg. loss testing validation": 1.0610756386522884, "Avg. loss training validation": 0.9670403860655196, "_timestamp": 1655945538, "_runtime": 1628, "_step": 21, "_wandb": {"runtime": 1629}}